agata_606,agata_606
agata_609,agata_609
agata_611,agata_611
agata_616,agata_616
agata_620,agata_620
asoshogakko_10,aso_10
asoshogakko_11,aso_11
ayaragi_go.9,ayaragi_go_9
ayaragi_go.11,ayaragi_go_11
ayaragi_go.52,ayaragi_go_52
ayaragi_go.56,ayaragi_go_56
ayaragi_go.94,ayaragi_go_94
ayaragi_go.101,ayaragi_go_101
ayaragi_go.126,ayaragi_go_126
ayaragi_go.157,ayaragi_go_157
ayaragi_go.158,ayaragi_go_158
ayaragi_go.160,ayaragi_go_160
ayaragi_go.184,ayaragi_go_184
ayaragi_go.186,ayaragi_go_186
ayaragi_go.199,ayaragi_go_199
ayaragi_go.202,ayaragi_go_202
ayaragi_go.203,ayaragi_go_203
ayaragi_go.209,ayaragi_go_209
ayaragi_go.224,ayaragi_go_224
ayaragi_go.237,ayaragi_go_237
ayaragi_go.240,ayaragi_go_240
ayaragi_go.259,ayaragi_go_259
ayaragi_go.285,ayaragi_go_285
ayaragi_go.286,ayaragi_go_286
ayaragi_go.290,ayaragi_go_290
ayaragi_go.293,ayaragi_go_293
ayaragi_go.296,ayaragi_go_296
ayaragi_go.297,ayaragi_go_297
ayaragi_go.299,ayaragi_go_299
ayaragi_go.305,ayaragi_go_305
ayaragi_go.312,ayaragi_go_312
ayaragi_go.313,ayaragi_go_313
ayaragi_go.347,ayaragi_go_347
ayaragi_go.369,ayaragi_go_369
ayaragi_go.386,ayaragi_go_386
ayaragi_go.407,ayaragi_go_407
ayaragi_go.410,ayaragi_go_410
ayaragi_go.431,ayaragi_go_431
ayaragi_go.505,ayaragi_go_505
ayaragi_go.619,ayaragi_go_619
ayaragi_go.1033,ayaragi_go_1033
daikai_1993_9,daikai_1_9
daikai_1993_131,daikai_1_131
daikai_1993_132,daikai_1_132
daikai_1993_293,daikai_1_293
daikai_1993_301,daikai_1_301
daikai_1993_302,daikai_1_302
daikai_1993_354,daikai_1_354
daikai_1993_362,daikai_1_362
daikai_1993_429,daikai_1_429
daikai_1993_441,daikai_1_441
daikai_1993_536,daikai_1_536
daikai_1993_537,daikai_1_537
daikai_1993_604,daikai_1_604
daikai_1993_609,daikai_1_609
daikai_1993_629,daikai_1_629
daikai_1993_635,daikai_1_635
daikai_1993_652,daikai_1_652
daikai_1993_688,daikai_1_688
daikai_1993_693,daikai_1_693
daikai_1993_706,daikai_1_706
daikai_2014_24,daikai_17_24
daikai_2014_25,daikai_14_25
daikai_2014_27,daikai_17_27
daikai_2014_28,daikai_14_28
dogocho_89,dougomachi_89
dogoimaichi_5,dougoimaichi_5
guzo_433,guzo_433
guzo_435,guzo_435
haradanishi_156,haradanishi_156
hariehama_51,hariehama_51
hariehama_58,hariehama_58
hariehama_59,hariehama_59
hariehama_95,hariehama_95
hariehama_134,hariehama_134
hariehama_141,hariehama_141
hariehama_347,hariehama_347
hariehama_389,hariehama_389
higashinara_76,higashinara_76
higashinara_8,higashinara_8
hirai_1,hirai_1
hyakkenngawa_sawada625,sawada_625
hyakkenngawa_sawada747,sawada_747
hyakkenngawa_sawada797,sawada_797
hyakkenngawa_sawada806,sawada_806
imagawa_38,imagawa_38
imagawa_50,imagawa_50
imagawa_51,imagawa_51
imagawa_65,imagawa_65
imagawa_66,imagawa_66
imagawa_71,imagawa_71
imagawa_73,imagawa_73
imagawa_122,imagawa_122
ishii_266,ishii_266
itazuke_35_3_74,itazuke_35_3_74
itazuke_35_3_161_1,itazuke_35_3_161_1
itazuke_39_12_c1,itazuke_39_12_c1
itazuke_39_12_c4,itazuke_39_12_c4
itazuke_1069_49_II_213,itazuke_1069_49_ii_213
itazuke_1069_50_II_5732,itazuke_1069_50_ii_5732
itazuke_1069_52_II_7836,itazuke_1069_52_ii_7836
itazuke_1069_53_II_10301,itazuke_1069_53_ii_10301
itazuke_1069_53_II_12798,itazuke_1069_53_ii_12798
itazuke_1069_54_II_12761,itazuke_1069_54_ii_12761
itazuke_1069_54_II_13198,itazuke_1069_54_ii_13198
itazuke_1069_54_II_13525,itazuke_1069_54_ii_13525
itazuke_1069_65_1,itazuke_1069_65_1
itazuke_1069_65_4,itazuke_1069_65_4
itazuke_1069_67_3723,itazuke_1069_67_3723
iteda_627,iteda_627
iteda_636,iteda_636
iteda_719,iteda_719
kamei_86_487,kamei_84_487
kamei_86_490,kamei_84_490
kamei_86_491,kamei_84_491
kamei_86_495,kamei_85_495
kamei_86_501,kamei_85_501
kamei_86_502,kamei_86_502
kamei_115_703,kamei_115_703
kamei_115_705,kamei_115_705
kamei_115_706,kamei_115_706
kamiasaeda_21,kamiasaeda_21
karako-kagi_sk215_21_52,karakokagi_sk215_21_52
karako-kagi_sk215_21_53,karakokagi_sk215_21_53
karasumazaki_778,karasumazaki_778
karasumazaki_856,karasumazaki_856
karasumazaki_986,karasumazaki_986
katada_157,katada_157
katada_917,katada_917
katada_1031,katada_1031
katada_1146,katada_1146
katsurami_28,katsurami_28
katsurami_526,katsurami_526
kinomoto_55_326,kinomoto_55_326
kinomoto_62_442,kinomoto_62_442
kinomoto_62_445,kinomoto_62_445
kinomoto_75_696,kinomoto_75_696
kinomoto_75_700,kinomoto_75_700
kinomoto_76_709,kinomoto_76_709
kinomoto_77_718,kinomoto_77_718
kinomoto_80_776,kinomoto_80_776
kinomoto_83_804,kinomoto_83_804
kinomoto_84_824,kinomoto_84_824
kinomoto_86_854,kinomoto_86_854
kumetakahata_131,kumetakahata_131
kumonomiya_174,kumonomiya_174
kumonomiya_180,kumonomiya_180
kumonomiya_187,kumonomiya_187
kumonomiya_337,kumonomiya_337
kumonomiya_418,kumonomiya_418
kumonomiya_426,kumonomiya_426
kumonomiya_506,kumonomiya_506
kumonomiya_nagaokakyo_29,kumonomiya_nagaokakyo
kuzukawa_20,kuzukawa_17_20
kuzukawa_21,kuzukawa_17_21
kuzukawa_24,kuzukawa_17_24
kuzukawa_26,kuzukawa_17_26
kuzukawa_28,kuzukawa_17_28
kuzukawa_29,kuzukawa_18_29
kuzukawa_33,kuzukawa_18_33
kuzukawa_35,kuzukawa_18_35
kuzukawa_40,kuzukawa_19_40
kuzukawa_46,kuzukawa_20_46
kuzukawa_73,kuzukawa_23_73
kuzukawa_118,kuzukawa_31_118
kuzukawa_130,kuzukawa_42_130
magarita,magarita
minamikuramoto_118,minamikuramoto_118
minamimizote_816,minamimizote_816
minamimizote_831,minamimizote_831
minamimizote_842,minamimizote_842
minori_615,minori_615
minori_1183,minori_1183
minori_1224,minori_1224
minori_1229,minori_1229
nabatake_1307,nabatake_1307
nagai,nagai
nagasetakahama,nagasetakahama
nakanosho_45,nakanosho_45
nishikawatsu35_7,nishikawatsu_35_7
nishikawatsu37_5,nishikawatsu_37_5
nishikawatsu38_3,nishikawatsu_38_3
nishikawatsu43_1,nishikawatsu_43_1
nishikawatsu43_5,nishikawatsu_43_5
nishikawatsu130_10,nishikawatsu_130_10
nishikawatsu134_5,nishikawatsu_134_5
nishikawatsu134_11,nishikawatsu_134_11
nishikawatsu156_19,nishikawatsu_156_19
nouso_1954,nouso_1954
nouso_2325,nouso_2325
oimikura29,oimikura_29
oimikura33,oimikura_33
oimikura40,oimikura_40
oimikura41,oimikura_41
oimikura42,oimikura_42
oimikura44,oimikura_44
oimikura45,oimikura_45
oimikura46,oimikura_46
oimikura47,oimikura_47
oimikura48,oimikura_48
oimikura51,oimikura_51
oimikura53,oimikura_53
oimikura58,oimikura_58
oimikura61,oimikura_61
oimikura62,oimikura_62
oimikura64,oimikura_64
okanodan-a_60,okanodan_a_60
okanodan-a_73,okanodan_a_73
okanodan-c_132,okanodan_c_132
okanodan-c_182,okanodan_c_182
okanodan-c_195,okanodan_c_195
okanodan-c_200,okanodan_c_200
omiya_157,omiya_157
omiya_28,omiya_28
omiya_53,omiya_53
omiya_58,omiya_58
omiya_126,omiya_126
ourahama_247,ourahama_247
ourahama_250,ourahama_250
sasai_406_54_280,sasai_406_54_280
sasai_406_111_897,sasai_406_111_897
sasai_406_125_1139,sasai_406_125_1139
sasai_406_125_1142,sasai_406_125_1142
sasai_407_21_14,sasai_407_21_14
sasai_407_36_1,sasai_407_36_1
sasai_635_19_38,sasai_635_19_38
sasai_746_260_4,sasai_746_260_4
shimokawatsu17_7,shimokawatsu_17_7
shimokawatsu18_2,shimokawatsu_18_2
shimokawatsu25_26,shimokawatsu_25_26
shinpou_11,shinpou_11
shinpou_142,shinpou_142
shinpou_178,shinpou_178
shinpou_189,shinpou_189
shinpou_204,shinpou_204
shinpou_232,shinpou_232
shinpou_236,shinpou_236
shinpou_256,shinpou_256
shinpou_420,shinpou_420
shiroishi_9,shiraishi_9
shiroishi_11,shiraishi_11
tainaka_9_11,tainaka_9_11
tainaka_12_77,tainaka_12_77
tainaka_17_154,tainaka_17_154
tainaka_17_156,tainaka_17_156
tainaka_23_211,tainaka_23_211
tainaka_24_240,tainaka_24_240
tainaka_25_249,tainaka_25_249
tainaka_25_253,tainaka_25_253
tainaka_26_254,tainaka_26_254
tainaka_30_314,tainaka_30_314
tainaka_31_317,tainaka_31_317
tainaka_33_359,tainaka_33_359
takakura_5_2,takakura_5_2
takakura_8_1,takakura_8_1
takakura_10_3,takakura_10_3
takakura_13_3,takakura_13_3
takamiya_22,takamiya_22
takamiya_23,takamiya_23
takamiya_24,takamiya_24
takamiya_27,takamiya_27
takano_142,takano_142
takano145,takano_145
takao_9,takao_shellmidden_9
takao_14,takao_shellmidden_14
tamatsutanaka_2052,tamatsutanaka_2052
tamatsutanaka_2167,tamatsutanaka_2167
tamatsutanaka_2203,tamatsutanaka_2203
tamatsutanaka_2205,tamatsutanaka_2205
tamatsutanaka_2231,tamatsutanaka_2231
tamatsutanaka_2234,tamatsutanaka_2234
tamatsutanaka_2263,tamatsutanaka_2263
tamura_733,tamura_733
tamura_a10_6,tamura_a10_6
tamura_b1_4_9,tamura_b1_4_9
tamura_b1_8,tamura_b1_8
tamura_c1_7_6,tamura_c1_7_6
tamura_c1_7,tamura_c1_7
tamura_c1_9,tamura_c1_9
tamura_c1_12,tamura_c1_12
tamura_c1_19_2,tamura_c1_19_2
tamura_c1_21_292,tamura_c1_21_292
tamura_c1_24_3z,tamura_c1_24_3z
tamura_c1_26_6,tamura_c1_26_6
tamura_c1_34_12,tamura_c1_34_12
tamura_c1_36_7,tamura_c1_36_7
tamura_c1_1444_6,tamura_c1_1144_6
tamura_c2_4,tamura_c2_4
tamura_c2_208_6,tamura_c2_208_6
tamura_c3_2_2,tamura_c3_3_2
tamura_c3_5,tamura_c3_5
tamura_c3_7,tamura_c3_7
tamura_c4_18_74,tamura_c4_18_74
tamura_c4_18_75,tamura_c4_18_75
tamura_c4_19,tamura_c4_19
tamura_c4_24,tamura_c4_24
tamura_c4_25,tamura_c4_25
tamura_c4_26,tamura_c4_26
tamura_c4_27,tamura_c4_27
tamura_c4_28_17,tamura_c4_28_17
tamura_c4_28,tamura_c4_28
tamura_c4_34,tamura_c4_34
tamura_c4_40_26,tamura_c4_40_26
tamura_c4_73,tamura_c4_73
tamura_c4_4025_80,tamura_c4_4025_80
tamura_c4_4061_17,tamura_c4_4061_17
tamura_c4_sk4018_7,tamura_c4_sk4018_7
tamura_c4_sk4207_9,tamura_c4_sk4207_9
tamura_e2_9,tamura_e2_9
tamura_e2_10,tamura_e2_10
tamura_e5_2,tamura_e5_2
tamura_e5_4_1,tamura_e5_4_1
tamura_e5_17,tamura_e5_17
tamura_e5_582_1,tamura_e5_582_1
tamura_e6_9,tamura_e6_9
tamura_e6_10,tamura_e6_10
tamura_f3_3_1,tamura_f3_3_1
tamura_f4_21,tamura_f4_21
tamura_f4_27,tamura_f4_27
tamura_IVVII_354,tamura_ivvii_354
tamura_sk4_1,tamura_sk4_1
tamura_sk8_81,tamura_sk8_81
tamura_SX4_863,tamura_sx4_863
tamura_VII_138,tamura_vii_138
tamura_VII_234,tamura_vii_234
tochu_88,tochu_11
tokuzo_495,tokuzo_495
tokuzo_496,tokuzo_496
tsukinawate1990_18,tsukinawate_1990_18
tsukinawate1990_19,tsukinawate_1990_19
tsukinawate1990_21,tsukinawate_1990_21
tsukinawate1990_23,tsukinawate_1990_23
tsukinawate1990_24,tsukinawate_1990_24
tsukinawate1990_44,tsukinawate_1990_44
tsukinawate1990_134,tsukinawate_1990_134
tsukinawate1994_39,tsukinawate_1994_39
tsukinawate1994_43,tsukinawate_1994_43
tsukinawate1994_63,tsukinawate_1994_63
tsukinawate1994_88,tsukinawate_1994_88
tsuko_5_3,tsuko_5_3
tsuko_41_2,tsuko_41_2
tsuko_47_4,tsuko_47_4
tsuko_74_1,tsuko_74_1
tsuko_89_2,tsuko_89_2
tsuko_94_2,tsuko_94_2
tsuko_123_1,tsuko_123_1
tsuko_128_1,tsuko_128_1
tsuko_148_5,tsuko_148_5
tsuko_148_7,tsuko_148_7
tsuko_172_1,tsuko_172_1
tsuko_216_1,tsuko_216_1
tsushima_2_284,tsushima_2_284
tsushima_2_285,tsushima_2_285
uemitani_117,uemitani_117
umaki_96,umaki_96
umaki_134,umaki_134
wakaekita121_2,wakaekita_121_2
wakaekita124_9,wakaekita_124_9
waniishi_47,waniishi_47
waniishi_143,waniishi_143
yano162_3,yano_162_3
yano162_8,yano_162_8
yano166_7,yano_166_7
yano167_6,yano_167_6
yano167_7,yano_167_7
yano167_8,yano_167_8
yano173_4,yano_173_4
yano174_10,yano_174_10
yano174_11,yano_174_11
yano175_1,yano_175_1
yano175_6,yano_175_6
yano244_9,yano_244_9
yano244_11,yano_244_11
yano251_12,yano_251_12
yano255_1,yano_255_1
yano256_3,yano_256_3
yano287_5,yano_287_5
yano288_1,yano_288_1
yano356_9,yano_356_9
yo_yanagase_386,yo_yanagase_386
yo_yanagase_390,yo_yanagase_390
yokoro_59,yokoro_59
yokoro_71,yokoro_71
yoshinaga4_44,yoshinaga_4_44
yoshinaga4_45,yoshinaga_4_45
yoshinaga4_46,yoshinaga_4_46
yoshinaga4_47,yoshinaga_4_47
yoshinaga4_48,yoshinaga_4_48
yoshinaga4_49,yoshinaga_4_49
yoshinaga4_61,yoshinaga_4_61
yoshinaga4_65,yoshinaga_4_65
yoshinaga4_76,yoshinaga_4_76
yoshinaga4_81,yoshinaga_4_81
yoshinaga4_87,yoshinaga_4_87
yoshinaga4_104,yoshinaga_4_104
yoshinaga4_112,yoshinaga_4_112
yoshinaga4_115,yoshinaga_4_115
yoshinaga4_146,yoshinaga_4_146
yoshinaga5_56,yoshinaga_5_56
yoshinaga5_60,yoshinaga_5_60
yoshinaga5_61,yoshinaga_5_61
yoshinaga5_65,yoshinaga_5_65
yoshinaga5_67,yoshinaga_5_67
yoshinaga5_69,yoshinaga_5_69
yunobe_175,yunobe_175
